label,drug,n,active
55,CC1=C(C(=CC=C1)C)OCC(=O)NC(CC2=CC=CC=C2)C(CC(CC3=CC=CC=C3)NC(=O)C(C(C)C)N4CCCNC4=O)O,-85.35,1
201,CC(C=CC(C1CC1)O)C2CCC3C2(CCCC3=CC=C4CC(CC(C4=C)O)O)C,-69.25,1
41,C1CC(C1)(C(=O)O)C(=O)O.[NH2-].[NH2-].[Pt+2],-63.65,1
112,CC1=CC=CC=C1C(=O)NC2=CC(=C(C=C2)C(=O)N3CCCC(C4=C3C=CC(=C4)Cl)O)C,-62.16117800973135,1
69,CC12CCC(=O)C=C1C3CC3C4C2CCC5(C4C6CC6C57CCC(=O)O7)C,-56.24515685700375,1
287,CCN(CC)C(=O)C1(CC1CN)C2=CC=CC=C2.Cl,-30.55522486896665,0
149,CC(=O)OCC(CCN1C=NC2=CN=C(N=C21)N)COC(=O)C,-27.99179043405715,0
215,C1CC(CCC1CN)C(=O)O,-26.4010709835676,0
224,CC1C(C(CC(O1)OC2CC(CC3=C2C(=C4C(=C3O)C(=O)C5=CC=CC=C5C4=O)O)(C(=O)C)O)N)O.Cl,-25.8819776991631,0
57,CC(C)[N+]1(C2CCC1CC(C2)OC(=O)C(CO)C3=CC=CC=C3)C.[Br-],-25.51236305610415,0
195,CCOC1=NC2=CC=CC(=C2N1CC3=CC=C(C=C3)C4=CC=CC=C4C5=NNN=N5)C(=O)O,-25.17073581805505,0
66,CC1=C(C(=O)N2CCCC(C2=N1)O)CCN3CCC(CC3)C4=NOC5=C4C=CC(=C5)F,-23.4891059397879,0
299,CC(C)(C)C1=CC=C(C=C1)S(=O)(=O)NC2=C(C(=NC(=N2)C3=NC=CC=N3)OCCO)OC4=CC=CC=C4OC,-23.2318914344591,0
81,C1=CC(=CC=C1N)S(=O)(=O)C2=CC=C(C=C2)N,-23.21424541346235,0
43,CC1=C(C=CC=C1O)C(=O)NC(CSC2=CC=CC=C2)C(CN3CC4CCCCC4CC3C(=O)NC(C)(C)C)O.CS(=O)(=O)O,-23.1185722759697,0
211,CC(C)(C1=CC=CC=C1CCC(C2=CC=CC(=C2)C=CC3=NC4=C(C=CC(=C4)Cl)C=C3)SCC5(CC5)CC(=O)[O-])O.[Na+],-21.80345886848395,0
131,C1C(C(C(C(C1N)OC2C(C(C(C(O2)CN)O)O)O)O)OC3C(C(C(C(O3)CO)O)N)O)N.OS(=O)(=O)O,-21.786387214626153,0
274,CCOC(=O)C(CCC1=CC=CC=C1)NC(C)C(=O)N2CC3=CC(=C(C=C3CC2C(=O)O)OC)OC.Cl,-20.9483791122855,0
163,CC1COC2=C3N1C=C(C(=O)C3=CC(=C2N4CCN(CC4)C)F)C(=O)O.Cl,-20.475881908801902,0
127,CN(C)CCC1=CNC2=C1C=C(C=C2)CN3C=NC=N3.C1=CC=C(C=C1)C(=O)O,-19.8134447599566,0
54,CCOC(=O)OC1(CCC2C1(CC(C3C2CCC4=CC(=O)C=CC34C)O)C)C(=O)OCCl,-18.9319648185698,0
279,CCC1=NC=CC(=C1)C(=S)N,-17.2093992643816,0
197,CC(C)CC(CC(=O)O)CN,-16.89539039713445,0
263,C1=CC(=C(C=C1CCN)O)O.Cl,-16.8194918072919,0
226,CC(C)OC(=O)CCCC=CCC1C(CC(C1C=CC(COC2=CC=CC(=C2)C(F)(F)F)O)O)O,-16.63714265110695,0
409,CCCC(=O)OC1(CCC2C1(CC(C3(C2CC(C4=CC(=O)C=CC43C)F)F)O)C)C(=O)COC(=O)C,-16.40757866571918,0
196,CCC1(CC(=O)NC1=O)C,-16.320497519278447,0
417,CCC(=O)OCC(=O)C1(C(CC2C1(CC(C3(C2CCC4=CC(=O)C=CC43C)Cl)O)C)C)OC(=O)CC,-16.3022904839702,0
331,CC12CC(C3C(C1CCC2(C(=O)CO)O)CCC4=CC(=O)C=CC34C)O,-16.229066038904648,0
152,CC1(C2C(C3C(C(=O)C(=C(C3(C(=O)C2=C(C4=C1C=CC=C4O)O)O)O)C(=O)N)N(C)C)O)O.Cl,-15.948402207847451,0
51,CC(=O)CC(C1=CC=CC=C1)C2=C(C3=CC=CC=C3OC2=O)[O-].[Na+],-15.914848313152799,0
190,C1CN(CCN1CCCN2C(=O)N3C=CC=CC3=N2)C4=CC(=CC=C4)Cl.Cl,-15.7691970750404,0
183,CCC12CC(=C)C3C(C1CCC2(C#C)O)CCC4=CCCCC34,-15.61693999219465,0
142,CN1C=NC2=C1C(=O)N(C(=O)N2C)C,-15.52870881404525,0
49,CC(C)C1=NC(=NC(=C1C=CC(CC(CC(=O)[O-])O)O)C2=CC=C(C=C2)F)N(C)S(=O)(=O)C.CC(C)C1=NC(=NC(=C1C=CC(CC(CC(=O)[O-])O)O)C2=CC=C(C=C2)F)N(C)S(=O)(=O)C.[Ca+2],-15.2781394354858,0
147,CN1C2=C(C(=O)N(C1=O)C)N(C=N2)CC(CO)O,-15.27197302512905,0
157,CCN(CCCC(C)NC1=C2C=CC(=CC2=NC=C1)Cl)CCO.OS(=O)(=O)O,-15.2233766505128,0
89,CC1(CC1C(=O)NC(=CCCCCSCC(C(=O)O)N)C(=O)[O-])C.[Na+],-15.20978928555755,0
36,C1=CC=C(C=C1)C2=NC3=C(N=C(N=C3N=C2N)N)N,-14.9071314664427,0
40,CN1C2=C(C(=O)N(C1=O)C)NC=N2.CN1C2=C(C(=O)N(C1=O)C)NC=N2.C(CN)N,-14.73978261320495,0
39,CN(C)C1C2CC3CC4=C(C=CC(=C4C(=C3C(=O)C2(C(=C(C1=O)C(=O)N)O)O)O)O)N(C)C,-14.5826618638536,0
60,CNCCC(C1=CC=CS1)OC2=CC=CC3=CC=CC=C32.Cl,-14.53819784805135,0
30,C1=CC2=C(C=C1Cl)NC(=O)O2,-14.3930469750347,0
141,CN(C(=O)NC1C(C(C(OC1O)CO)O)O)N=O,-14.373170314577301,0
2,CC1(C(N2C(S1)C(C2=O)NC(=O)COC3=CC=CC=C3)C(=O)[O-])C.[K+],-14.298455879231401,0
231,CC12CCC3C(C1CCC2(C#C)O)CCC4=C3C=CC(=C4)O,-14.28604105850295,0
410,CC1=CC=C(C=C1)N(CC2=NCCN2)C3=CC(=CC=C3)O.Cl,-14.1804200477433,0
38,CC1OCC2C(O1)C(C(C(O2)OC3C4COC(=O)C4C(C5=CC6=C(C=C35)OCO6)C7=CC(=C(C(=C7)OC)O)OC)O)O,-14.11829313026155,0
174,CCCC1=NC(=C(N1CC2=CC=C(C=C2)C3=CC=CC=C3C4=NNN=N4)C(=O)O)C(C)(C)O,-13.98272845055935,0
65,C1=NC2=C(N=C(N=C2N1C3C(C(C(O3)COP(=O)(O)O)O)O)F)N,-13.92863655484765,0
420,CCOC(=O)C1=C(NC(=C(C1C2=CC=CC=C2Cl)C(=O)OC)C)COCCN,-13.87479008870115,0
233,CC1(C(=O)N(C(=O)O1)C)C,-13.8692551326378,0
67,CC1(OC2CC3C4CCC5=CC(=O)CCC5(C4(C(CC3(C2(O1)C(=O)CCl)C)O)F)C)C,-13.7994334083764,0
240,CC1=CC=CC=C1OC(CCNC)C2=CC=CC=C2.Cl,-13.751366383642651,0
171,CCCCNC(=O)NS(=O)(=O)C1=CC=C(C=C1)C,-13.648788558554099,0
312,CC12CCC3C(C1CCC2(C#C)O)CCC4=CC(=O)CCC34,-13.5455379740619,0
22,CCOC(=O)C(CCC1=CC=CC=C1)NC2CCC3=CC=CC=C3N(C2=O)CC(=O)O.Cl,-13.473902664882399,0
193,COC1=CC(=CC(=C1O)OC)C2C3C(COC3=O)C(C4=CC5=C(C=C24)OCO5)OC6C(C(C7C(O6)COC(O7)C8=CC=CS8)O)O,-13.40197881230215,0
35,CC1(C(=O)N(C(=O)N1)C2=CC(=C(C=C2)[N+](=O)[O-])C(F)(F)F)C,-13.3158163357581,0
200,C1CN(CCC1N2C3=CC=CC=C3NC2=O)CCCC(C4=CC=C(C=C4)F)C5=CC=C(C=C5)F,-13.284206196325599,0
4,CC1=CC(=CC(=C1)OCC2CNC(=O)O2)C,-13.215505493431547,0
230,C[N+](C)(C)CC(CC(=O)[O-])O,-13.2054793626546,0
111,CC1=CC=C(C=C1)S(=O)(=O)O.CC1=CC=C(C=C1)S(=O)(=O)O.CS(=O)(=O)CCNCC1=CC=C(O1)C2=CC3=C(C=C2)N=CN=C3NC4=CC(=C(C=C4)OCC5=CC(=CC=C5)F)Cl,-12.996408882390506,0
24,CN1CCN2C(C1)C3=CC=CC=C3CC4=C2N=CC=C4,-12.99075010207445,0
78,CC(C)OC(=O)CCCC=CCC1C(CC(C1CCC(CCC2=CC=CC=C2)O)O)O,-12.86639092063575,0
6,CC(C)N1C2=CC=CC=C2C(=C1C=CC(CC(CC(=O)[O-])O)O)C3=CC=C(C=C3)F.[Na+],-12.8441919301711,0
136,C1CCC(CC1)(CC(=O)O)CN,-12.84138279353045,0
7,CC(=O)OC1=CC=CC=C1C(=O)NC2=NC=C(S2)[N+](=O)[O-],-12.820233954351298,0
214,C1CN=C(N1)NC2=C(C=CC3=NSN=C32)Cl.Cl,-12.81581251489475,0
122,CC1=C(C=C(C(=O)N1)C#N)C2=CC=NC=C2,-12.7993055049008,0
259,CC1=C(C2=C(N1C(=O)C3=CC=C(C=C3)Cl)C=CC(=C2)OC)CC(=O)O,-12.770473741812499,0
25,C(CN)CNCCSP(=O)(O)O,-12.73498357760905,0
58,COC(=O)C(C1=CC=CC=C1Cl)N2CCC3=C(C2)C=CS3.OS(=O)(=O)O,-12.731592524581075,0
117,CC1=CN(C(=O)NC1=O)C2C=CC(O2)CO,-12.656432557720851,0
218,CC(COC1=CC=CC=C1)N(CCCl)CC2=CC=CC=C2.Cl,-12.645031859688949,0
102,CN(C)N=NC1=C(NC=N1)C(=O)N,-12.63554072710775,0
209,CC1CC2C(CCC3(C2CCC3(C(=O)C)OC(=O)C)C)C4(C1=CC(=O)CC4)C,-12.56851787475295,0
126,CC1=CN=C(S1)NC(=O)C2=C(C3=CC=CC=C3S(=O)(=O)N2C)O,-12.492360311346,0
19,C1=CC(=CC=C1CN)S(=O)(=O)N.Cl,-12.4465864588787,0
119,CC1=C(SC=N1)C=CC2=C(N3C(C(C3=O)NC(=O)C(=NOC)C4=CSC(=N4)N)SC2)C(=O)OCOC(=O)C(C)(C)C,-12.416789988406546,0
109,CC(CCCN)NC1=C2C(=CC(=C1)OC)C=CC=N2.OP(=O)(O)O.OP(=O)(O)O,-12.380851249396649,0
178,C1=CC2=C(C=C1OC(F)(F)F)SC(=N2)N.Cl,-12.377720526654151,0
159,CC1CC2C3CCC4=CC(=O)C=CC4(C3(C(CC2(C1(C(=O)CCl)OC(=O)C5=CC=CO5)C)O)Cl)C,-12.36157933813777,0
48,CCCC1CC(N(C1)C)C(=O)NC(C2C(C(C(C(O2)SC)O)O)O)C(C)Cl.Cl,-12.3009738740462,0
268,C1CC1NC2=C3C(=NC(=N2)N)N(C=N3)C4CC(C=C4)CO.C1CC1NC2=C3C(=NC(=N2)N)N(C=N3)C4CC(C=C4)CO.OS(=O)(=O)O,-12.271741374614496,0
153,CCCCC1=NC=C(N1CC2=CC=C(C=C2)C(=O)O)C=C(CC3=CC=CS3)C(=O)O.CS(=O)(=O)O,-12.26198474634014,0
234,CCOC(=O)C1=C2CN(C(=O)C3=C(N2C=N1)C=CC(=C3)F)C,-12.25068750895135,0
191,CC1CCC2CC(C(=CC=CC=CC(CC(C(=O)C(C(C(=CC(C(=O)CC(OC(=O)C3CCCCN3C(=O)C(=O)C1(O2)O)C(C)CC4CCC(C(C4)OC)OCCO)C)C)O)OC)C)C)C)OC,-12.13905466357349,0
95,CC1C(C(CC(O1)OC2C(OC(CC2O)OC3C(OC(CC3O)OC4CCC5(C(C4)CCC6C5CC(C7(C6(CCC7C8=CC(=O)OC8)O)C)O)C)C)C)O)O,-12.109159753641045,0
46,C1=CC(=CC=C1C(=O)NCCC(=O)O)N=NC2=CC(=C(C=C2)O)C(=O)O,-12.10746295895115,0
219,C1=NC(=NC(=O)N1C2C(C(C(O2)CO)O)O)N,-12.09923189780189,0
3,CC1=C2COC(=O)C2=C(C(=C1OC)CC=C(C)CCC(=O)OCCN3CCOCC3)O,-12.0813680532237,0
156,COC1=C(C=C2C(=C1)C(=NC(=N2)N3CCN(CC3)C(=O)C4=CC=CO4)N)OC.Cl,-12.07329984493855,0
253,C1CC2=C(C=CC(=C2)Cl)C(=C3CCNCC3)C4=C1C=CC=N4,-12.06552579002515,0
170,C1=CC(=CC=C1SC(P(=O)(O)[O-])P(=O)(O)[O-])Cl.[Na+].[Na+],-12.04103644767174,0
137,B(C(CC(C)C)NC(=O)C(CC1=CC=CC=C1)NC(=O)C2=NC=CN=C2)(O)O,-12.02319234958675,0
29,CC(C)CN(CC(C(CC1=CC=CC=C1)NC(=O)OC2COC3C2CCO3)O)S(=O)(=O)C4=CC=C(C=C4)N,-12.02044096181135,0
87,CC1=C(C(=CC=C1)NC2=CC=CC=C2C(=O)O)C,-12.0111038645908,0
37,CC12CCC3=C4CCC(=O)C=C4CCC3C1CCC2(CC#N)O,-11.9537335629974,0
267,C1=CC=C(C(=C1)C2=NC(C(=O)NC3=C2C=C(C=C3)Cl)O)Cl,-11.884921716672899,0
34,CN(C)C(=O)C(CCN1CCC(CC1)(C2=CC=C(C=C2)Cl)O)(C3=CC=CC=C3)C4=CC=CC=C4.Cl,-11.878187442457914,0
85,CC1CCC2CC(C(=CC=CC=CC(CC(C(=O)C(C(C(=CC(C(=O)CC(OC(=O)C3CCCCN3C(=O)C(=O)C1(O2)O)C(C)CC4CCC(C(C4)OC)OC(=O)C(C)(CO)CO)C)C)O)OC)C)C)C)OC,-11.858423906201555,0
129,CCC1=C2CN3C(=CC4=C(C3=O)COC(=O)C4(CC)O)C2=NC5=C1C=C(C=C5)OC(=O)N6CCC(CC6)N7CCCCC7.Cl,-11.819954415108601,0
8,C1CCC(CC1)NC(=O)N(CCCl)N=O,-11.80518498886885,0
45,CC1CC2C3CCC4=CC(=O)C=CC4(C3(C(CC2(C1C(=O)CO)C)O)F)C,-11.708787076140052,0
145,CCC1(CC2CC(C3=C(CCN(C2)C1)C4=CC=CC=C4N3)(C5=C(C=C6C(=C5)C78CCN9C7C(C=CC9)(C(C(C8N6C=O)(C(=O)OC)O)OC(=O)C)CC)OC)C(=O)OC)O.OS(=O)(=O)O,-11.69860888452181,0
223,CCN(CC)CCNC(=O)C1=CC=C(C=C1)N.Cl,-11.677799152138116,0
261,CC(=O)O.C1CCNC(C1)CNC(=O)C2=C(C=CC(=C2)OCC(F)(F)F)OCC(F)(F)F,-11.6235674607289,0
27,CC(C1=CC(=CC=C1)C(=O)C2=CC=CC=C2)C(=O)O,-11.53709710537295,0
198,C1=CC=C(C=C1)CCCCOCCCCCCNCC(C2=CC(=C(C=C2)O)CO)O,-11.53687029507522,0
277,CC1=CC(=NO1)NS(=O)(=O)C2=CC=C(C=C2)N,-11.52027852774063,0
77,CCCC1=NN(C2=C1N=C(NC2=O)C3=C(C=CC(=C3)S(=O)(=O)N4CCN(CC4)C)OCC)C.C(C(=O)O)C(CC(=O)O)(C(=O)O)O,-11.45655309556145,0
108,CC(=O)OCC(=O)C12C(CC3C1(CC(C4(C3CCC5=CC(=O)C=CC54C)F)O)C)OC6(O2)CCCC6,-11.41651793889046,0
63,CC(C)(C)NCC(C1=CC(=C(C=C1)O)CO)O.CC(C)(C)NCC(C1=CC(=C(C=C1)O)CO)O.OS(=O)(=O)O,-11.393324821791145,0
232,C1C(N(C2=C(N1)N=C(NC2=O)N)C=O)CNC3=CC=C(C=C3)C(=O)NC(CCC(=O)[O-])C(=O)[O-].O.O.O.O.O.[Ca+2],-11.31417070825955,0
138,CCCCCN(C)CCC(O)(P(=O)(O)O)P(=O)(O)[O-].O.[Na+],-11.29352729266345,0
243,C1=C(C(=C(C(=C1Cl)Cl)CC2=C(C(=CC(=C2Cl)Cl)Cl)O)O)Cl,-11.2727076553871,0
101,C1C(C2C(O1)C(CO2)O[N+](=O)[O-])O[N+](=O)[O-],-11.2619287944068,0
217,CCOC(=O)C1=C(NC(=C(C1C2=C(C(=CC=C2)Cl)Cl)C(=O)OC)C)C,-11.23392231526345,0
86,CN(C)CC1CCCCC1(C2=CC(=CC=C2)OC)O.Cl,-11.170972968006936,0
13,CC1C=CC=C(C(=O)NC2=C(C3=C(C4=C(C(=C3O)C)OC(C4=O)(OC=CC(C(C(C(C(C(C1O)C)O)C)OC(=O)C)C)OC)C)C5=NC6(CCN(CC6)CC(C)C)N=C25)O)C,-11.16170442942675,0
236,CC(C(=O)NCC(=O)O)S,-11.155585015746945,0
28,CC(C)NCC(COC1=CC=C(C=C1)CCC(=O)OC)O,-11.10652562154728,0
155,CCC(C(C)O)N1C(=O)N(C=N1)C2=CC=C(C=C2)N3CCN(CC3)C4=CC=C(C=C4)OCC5CC(OC5)(CN6C=NC=N6)C7=C(C=C(C=C7)F)F,-11.06215148329122,0
161,CN1C(=O)CN=C(C2=C1C=CC(=C2)Cl)C3=CC=CC=C3,-11.037103760306325,0
61,CC1=C(C(C(=C(N1)C)C(=O)OC)C2=CC=CC=C2[N+](=O)[O-])C(=O)OC,-10.94569927175315,0
249,CC(C)NCC(C1=CC=C(C=C1)NS(=O)(=O)C)O.Cl,-10.930887589425069,0
427,CC1=C(C=C(C=C1)C(=O)NC2=CC(=CC(=C2)C(F)(F)F)N3C=C(N=C3)C)NC4=NC=CC(=N4)C5=CN=CC=C5,-10.919450611661901,0
225,CC1=NC=C(N1CCO)[N+](=O)[O-],-10.90847214305975,0
80,CN1C2CC(CC1C3C2O3)OC(=O)C(CO)C4=CC=CC=C4.Br,-10.82115425162242,0
32,COC1=C(C=C2C(=C1)C(=NC(=N2)N3CCN(CC3)C(=O)C4COC5=CC=CC=C5O4)N)OC.CS(=O)(=O)O,-10.761855005703396,0
347,CN(CCOC1=CC=C(C=C1)CC2C(=O)NC(=O)S2)C3=CC=CC=N3,-10.735461996370784,0
98,CCN(CC)CC#CCOC(=O)C(C1CCCCC1)(C2=CC=CC=C2)O.Cl,-10.725216816848775,0
431,C1C(C(C(C(C1NC(=O)C(CCN)O)OC2C(C(C(C(O2)CO)O)N)O)O)OC3C(C(C(C(O3)CN)O)O)O)N.OS(=O)(=O)O.OS(=O)(=O)O,-10.70809137077397,0
160,CCN(C)C(=O)OC1=CC=CC(=C1)C(C)N(C)C.C(C(C(=O)O)O)(C(=O)O)O,-10.69911644345979,0
16,COC1=CC(=C(C=C1)OC)C(CNC(=O)CN)O.Cl,-10.6905099863196,0
205,CN1CCC(=C2C3=CC=CC=C3C=CC4=CC=CC=C42)CC1.CN1CCC(=C2C3=CC=CC=C3C=CC4=CC=CC=C42)CC1.O.O.O.Cl.Cl,-10.641808666171961,0
282,CC1CC2=CC=CC=C2N1NC(=O)C3=CC(=C(C=C3)Cl)S(=O)(=O)N,-10.63269353819231,0
118,CC(=O)OC1=CC=C(C=C1)C(C2=CC=C(C=C2)OC(=O)C)C3=CC=CC=N3,-10.59717915048949,0
100,C(=O)(N)NO,-10.5956625076517,0
377,C1=CC(=C(C=C1N=NC2=CC(=C(C=C2)[O-])C(=O)O)C(=O)O)[O-].[Na+].[Na+],-10.57974670713402,0
20,CC1C=CC=C(C(=O)NC2=C(C3=C(C4=C(C(=C3O)C)OC(C4=O)(OC=CC(C(C(C(C(C(C1O)C)O)C)OC(=O)C)C)OC)C)C5=C2N6C=CC(=CC6=N5)C)O)C,-10.56635044964749,0
47,C1=C(N=C(S1)N=C(N)N)CSCCC(=NS(=O)(=O)N)N,-10.512592189364206,0
254,CC(C1=CC(=CC=C1)OC2=CC=CC=C2)C(=O)[O-].CC(C1=CC(=CC=C1)OC2=CC=CC=C2)C(=O)[O-].[Ca+2],-10.482008659715305,0
140,CC1=C(SC=C1)C(=CCCN2CCCC(C2)C(=O)O)C3=C(C=CS3)C.Cl,-10.40808451511845,0
169,CNCCCC1C2=CC=CC=C2C=CC3=CC=CC=C13.Cl,-10.358386452147435,0
106,C1CCC(CC1)C(CCN2CCCCC2)(C3=CC=CC=C3)O.Cl,-10.315208353596246,0
17,CC(CN1C=NC2=C(N=CN=C21)N)OCP(=O)(O)O,-10.285142281890295,0
269,CCCC(=O)NC1=CC(=C(C=C1)OCC(CNC(C)C)O)C(=O)C.Cl,-10.2624420462036,0
244,CC(C)(C)NCC(C1=CC(=CC(=C1)O)O)O.CC(C)(C)NCC(C1=CC(=CC(=C1)O)O)O.OS(=O)(=O)O,-10.24412014668545,0
18,CC1=C(C(=NO1)C2=CC=CC=C2Cl)C(=O)NC3C4N(C3=O)C(C(S4)(C)C)C(=O)[O-].[Na+],-10.2408164685918,0
71,CC1=NN=C2N1C3=C(C=C(C=C3)Cl)C(=NC2)C4=CC=CC=C4Cl,-10.22114236046213,0
188,CC(C)NCC(C1=CC(=C(C=C1)O)O)O.Cl,-10.182477561936519,0
94,CCCSC1=CC2=C(C=C1)N=C(N2)NC(=O)OC,-10.13788384577433,0
389,CN1C2CCCC1CC(C2)NC(=O)C3=NN(C4=CC=CC=C43)C.Cl,-10.100143993616715,0
186,C1C(C(C(C(N1CCO)CO)O)O)O,-10.050573056216304,0
181,C1=CC(=CC=C1CCC2=CNC3=C2C(=O)NC(=N3)N)C(=O)NC(CCC(=O)[O-])C(=O)[O-].[Na+].[Na+],-10.05024100732642,0
187,C1=CC(=C(C=C1Cl)Cl)CON=C(CN2C=CN=C2)C3=C(C=C(C=C3)Cl)Cl.[N+](=O)(O)[O-],-10.046192919387146,0
75,C1NC2=CC(=C(C=C2S(=O)(=O)N1)S(=O)(=O)N)Cl,-10.012119846724449,0
114,C1=CC=C(C(=C1)C(C2=CC=C(C=C2)Cl)C(Cl)Cl)Cl,-10.009244881826994,0
419,C1=COC(=C1)CNC2=CC(=C(C=C2C(=O)O)S(=O)(=O)N)Cl,-9.97297500908077,0
76,CCC1C(C(C(C(=O)C(CC(C(C(C(C(C(=O)O1)C)OC2CC(C(C(O2)C)O)(C)OC)C)OC3C(C(CC(O3)C)N(C)C)O)(C)O)C)C)O)(C)O,-9.96670561320296,0
21,CC1=C(C(=O)C2=C(C1=O)N3CC4C(C3(C2COC(=O)N)OC)N4)N,-9.950788243412134,0
366,CCCN(CCC)S(=O)(=O)C1=CC=C(C=C1)C(=O)O,-9.949780721127935,0
107,CC(C)(C(=O)O)ON=C(C1=CSC(=N1)N)C(=O)NC2C3N(C2=O)C(=C(CS3)C[N+]4=CC=CC=C4)C(=O)[O-],-9.942895244066289,0
358,CC1(OC2CC3C4CCC5=CC(=O)C=CC5(C4C(CC3(C2(O1)C(=O)CO)C)O)C)C,-9.889187416526465,0
15,CC(=O)OCC(=O)C1(CCC2C1(CC(C3(C2CCC4=CC(=O)CCC43C)F)O)C)O,-9.886590351653709,0
125,CC1=C(C(=CC=C1)C)NC(=O)C2CCCCN2C.Cl,-9.881510989172469,0
273,CC(C1=CC(=C(C=C1)C2=CC=CC=C2)F)C(=O)O,-9.877535435612746,0
337,CCCC1=CC(=O)NC(=S)N1,-9.870413079445676,0
250,CN(C)CCC=C1C2=CC=CC=C2COC3=CC=CC=C31.Cl,-9.868964639203064,0
365,COC1C(CC2CN3CCC4=C(C3CC2C1C(=O)OC)NC5=C4C=CC(=C5)OC)OC(=O)C6=CC(=C(C(=C6)OC)OC)OC,-9.8572805145107,0
241,CC1(C2CC3C(C(=O)C(=C(C3(C(=O)C2=C(C4=C1C=CC=C4O)O)O)O)C(=O)N)N(C)C)O,-9.853829863990075,0
26,CC(C)(C)NCC(COC1=CC=CC2=C1CCCC2=O)O.Cl,-9.82762599327269,0
185,C[N+]1(C2CCC1CC(C2)OC(=O)C(C3=CC=CC=C3)O)C.[Br-],-9.789430379783244,0
206,C1=CC(=C(C(=C1)Cl)Cl)C2=C(N=C(N=N2)N)N,-9.778252114802585,0
33,CN1CCC23C=CC(CC2OC4=C(C=CC(=C34)C1)OC)O.Br,-9.69159094166799,0
245,C1C(C(OC1N2C=NC3=C(N=C(N=C32)Cl)N)CO)O,-9.683219990776166,0
99,CC1=C(C(=CC=C1)Cl)NC(=O)C2=CN=C(S2)NC3=CC(=NC(=N3)C)N4CCN(CC4)CCO,-9.581763667179235,0
247,CCN(CC)CCCC(C)NC1=C2C=CC(=CC2=NC=C1)Cl.OP(=O)(O)O.OP(=O)(O)O,-9.57976054917151,0
9,CCC(C)C1C(CCC2(O1)CC3CC(O2)CC=C(C(C(C=CC=C4COC5C4(C(C=C(C5O)C)C(=O)O3)O)C)OC6CC(C(C(O6)C)OC7CC(C(C(O7)C)O)OC)OC)C)C,-9.568628890177845,0
207,C1=CC(=CC=C1CCCC(=O)O)N(CCCl)CCCl,-9.392179062986415,0
199,CCCCCC(C=CC1C(CC(=O)C1CCCCCCC(=O)O)O)O,-9.382222138212516,0
266,CC1=C(C(=NO1)C2=C(C=CC=C2Cl)Cl)C(=O)NC3C4N(C3=O)C(C(S4)(C)C)C(=O)[O-].O.[Na+],-9.366860225315001,0
180,CCCCC(C)(CC=CC1C(CC(=O)C1CCCCCCC(=O)OC)O)O,-9.315098127869694,0
256,CCCNC(C)C(=O)NC1=C(SC=C1C)C(=O)OC.Cl,-9.196415240637656,0
84,CC(CN1C2=CC=CC=C2CCC3=CC=CC=C31)CN(C)C.C(=CC(=O)O)C(=O)O,-9.183785995262735,0
222,CC1C(C(CC(O1)OC2CC(CC3=C2C(=C4C(=C3O)C(=O)C5=C(C4=O)C(=CC=C5)OC)O)(C(=O)CO)O)N)O.Cl,-9.173467887816456,0
373,C1=CC(=CC=C1NC(=NC(=NCCCCCCN=C(N)N=C(N)NC2=CC=C(C=C2)Cl)N)N)Cl.Cl.Cl,-9.15285658677781,0
146,CC(C)NCC(COC1=CC=CC2=C1C=CN2)O,-9.129032661304695,0
59,CN(C)CCC=C1C2=CC=CC=C2C=CC3=CC=CC=C31.Cl,-9.103237952518745,0
31,C1CN2C(=NN=C2C(F)(F)F)CN1C(=O)CC(CC3=CC(=C(C=C3F)F)F)N.OP(=O)(O)O,-9.086480539837885,0
418,CCCCCCC(=O)OC1CCC2C1(CCC3C2CCC4=CC(=O)CCC34C)C,-9.0677224601916,0
88,CCCN(CCC)CCC1=C2CC(=O)NC2=CC=C1.Cl,-9.040662399278736,0
74,CCOC(=O)C1=CN=C(C=C1)C#CC2=CC3=C(C=C2)SCCC3(C)C,-9.035635864055696,0
426,CC(=O)OCC(=O)C1(CCC2C1(CC(=O)C3C2CCC4=CC(=O)CCC34C)C)O,-8.99329402605665,0
238,C(C1C(C(C(C(O1)OC2C(OC(C2O)(CO)O)CO)O)O)O)O,-8.96808401237406,0
90,CC(C)C1=NC(=CS1)CN(C)C(=O)NC(C(C)C)C(=O)NC(CC2=CC=CC=C2)CC(C(CC3=CC=CC=C3)NC(=O)OCC4=CN=CS4)O,-8.894230606274546,0
252,CC1=C(C(=O)C2=CC=CC=C2C1=O)CC=C(C)CCCC(C)CCCC(C)CCCC(C)C,-8.85026604979038,0
73,CC(C1=NC=NC=C1F)C(CN2C=NC=N2)(C3=C(C=C(C=C3)F)F)O,-8.830960107859765,0
128,CCCN1CCCCC1C(=O)NC2=C(C=CC=C2C)C.O.Cl,-8.745968540583704,0
132,C1=CC=C2C(=C1)C=NN=C2NN.Cl,-8.727841676981486,0
52,CC1(OC2CC3C4CC(C5=CC(=O)CCC5(C4C(CC3(C2(O1)C(=O)CO)C)O)C)F)C,-8.693320790708334,0
393,CCC1C(C(C(C(=O)C(CC(C(C(C(C(C(=O)O1)C)OC2CC(C(C(O2)C)O)(C)OC)C)OC3C(C(CC(O3)C)N(C)C)O)(C)OC)C)C)O)(C)O,-8.658895129909109,0
168,C1CC(OC1CO)N2C=NC3=C2N=CNC3=O,-8.657260686989554,0
425,CC1COC2=C3N1C=C(C(=O)C3=CC(=C2N4CCN(CC4)C)F)C(=O)O,-8.637610555419505,0
175,C1=CN=CC=C1C2=CNC(=O)C(=C2)N,-8.62999476635137,0
411,C1C2=C(C=CC(=C2Cl)Cl)N=C3N1CC(=O)N3,-8.622494883730539,0
265,CCC1=NN(C(=O)N1CCOC2=CC=CC=C2)CCCN3CCN(CC3)C4=CC(=CC=C4)Cl.Cl,-8.598382600118615,0
228,C1=C2C(=CC(=C1Cl)S(=O)(=O)N)S(=O)(=O)N=CN2,-8.541103249818926,0
103,CC(C1=CC(=CC(=C1)C(F)(F)F)C(F)(F)F)OC2C(N(CCO2)CC3=NNC(=O)N3)C4=CC=C(C=C4)F,-8.522579336394216,0
288,CCCOC1=C(C=C(C=C1)C(=O)OCCN(CC)CC)N.Cl,-8.340751449740955,0
123,CC1NC2=CC(=C(C=C2C(=O)N1C3=CC=CC=C3C)S(=O)(=O)N)Cl,-8.32588395155625,0
221,CN(C)C(=N)N=C(N)N.Cl,-8.3100867139457,0
370,CN1CCCC(CC1)N2C(=O)C3=CC=CC=C3C(=N2)CC4=CC=C(C=C4)Cl.Cl,-8.291729236042979,0
143,C1CC(=O)NC(=O)C1N2C(=O)C3=CC=CC=C3C2=O,-8.22122631050118,0
97,CC(=O)NC1=NN=C(S1)S(=O)(=O)N,-8.111588069979735,0
229,CC1=C(C(CCC1)(C)C)C=CC(=CC=CC(=CC(=O)O)C)C,-8.08464158567599,0
104,CC(=O)N(CCCCCNC(=O)CCC(=O)N(CCCCCNC(=O)CCC(=O)N(CCCCCN)O)O)O.CS(=O)(=O)O,-8.05857124987045,0
82,C1=CC=NC(=C1)NS(=O)(=O)C2=CC=C(C=C2)N=NC3=CC(=C(C=C3)O)C(=O)O,-8.04006541209455,0
359,CC1C2C(C3C(C(=O)C(=C(C3(C(=O)C2=C(C4=C1C=CC=C4O)O)O)O)C(=O)N)N(C)C)O.O,-8.03154990952128,0
280,CC1=CC=CN2C1=NC=C(C2=O)C3=NN=N[N-]3.[K+],-8.030377743151835,0
289,CS(=O)(=O)OCCCCOS(=O)(=O)C,-7.93968874816954,0
110,C1=CC=C(C=C1)C(C2=CC=CC=C2)(C3=CC=CC=C3Cl)N4C=CN=C4,-7.87544191163138,0
321,CCC1(C(=O)NCNC1=O)C2=CC=CC=C2,-7.763742751559525,0
272,C1=CC(=CC=C1N)S(=O)(=O)N,-7.754852724173455,0
294,C=CC(CCC(=O)O)N,-7.69738397064898,0
227,C1CCC2=NC3=CC=CC=C3C(=C2C1)N.Cl,-7.69653189178246,0
257,C1C=C(N2C(S1)C(C2=O)NC(=O)C(=CCC(=O)O)C3=CSC(=N3)N)C(=O)O,-7.68505449175013,0
92,CC(=O)OCC(=O)C1(CCC2C1(CC(C3C2CCC4=CC(=O)CCC34C)O)C)O,-7.6404351063201705,0
356,CS(=O)(=O)O.C1CNCC(C2=CC(=C(C(=C21)Cl)O)O)C3=CC=C(C=C3)O,-7.633123448063295,0
416,C(CS(=O)(=O)[O-])S.[Na+],-7.583564566094109,0
315,CCC1=C(C(=NC(=N1)N)N)C2=CC=C(C=C2)Cl,-7.526088415926245,0
242,C1CC(=O)NC2=C1C=CC(=C2)OCCCCN3CCN(CC3)C4=C(C(=CC=C4)Cl)Cl,-7.500982253819638,0
376,CN(C)CC(C1=CC=C(C=C1)OC)C2(CCCCC2)O.Cl,-7.487691878715605,0
430,C1CC1N2C=C(C(=O)C3=CC(=C(C=C32)N4CCNCC4)F)C(=O)O,-7.4509997689157945,0
327,CN(C)CCC(C1=CC=C(C=C1)Cl)C2=CC=CC=N2.C(=CC(=O)O)C(=O)O,-7.398766640224215,0
173,C1=CC=C(C=C1)CCCC(=O)[O-].[Na+],-7.384930706942405,0
361,CC(C)(C)C1=CC=C(C=C1)CN(C)CC2=CC=CC3=CC=CC=C32.Cl,-7.3335327342426,0
346,COC1=CC=CC=C1OCC(COC(=O)N)O,-7.29147030036944,0
83,C1=CC(=CC=C1C(=N)N)OCCCCCOC2=CC=C(C=C2)C(=N)N.C(CS(=O)(=O)O)O.C(CS(=O)(=O)O)O,-7.27584095059629,0
121,CC1C2C(C(=O)N2C(=C1SC3CC(NC3)CNS(=O)(=O)N)C(=O)O)C(C)O,-7.2517448587834,0
179,COC1=C(C=C(C=C1)C2=CC3=C(C=C2)C=C(C=C3)C(=O)O)C45CC6CC(C4)CC(C6)C5,-7.250976312013581,0
172,CN(C)CCCN1C2=CC=CC=C2CCC3=CC=CC=C31.Cl,-7.20526690231976,0
204,COC1=NC(=NC2=C1N=CN2C3C(C(C(O3)CO)O)O)N,-7.173526352124025,0
42,CC1CC(=O)C=C(C12C(=O)C3=C(O2)C(=C(C=C3OC)OC)Cl)OC,-7.12938398569058,0
275,CC1CCC2C(C(OC3C24C1CCC(O3)(OO4)C)OC)C,-7.1046376245049405,0
134,C1N2CN3CN1CN(C2)C3.C1=CC=C(C=C1)C(=O)NCC(=O)O,-7.027458942543385,0
248,CN(C)CCC1=CNC2=C1C=C(C=C2)CS(=O)(=O)N3CCCC3,-6.9534413479400605,0
306,C1=CC=C(C=C1)C(COC(=O)N)COC(=O)N,-6.89905569860422,0
133,CC1=CC=C(C=C1)C(=CCN2CCCC2)C3=CC=CC(=N3)C=CC(=O)O,-6.893426234917995,0
44,CCCCC1=NC2(CCCC2)C(=O)N1CC3=CC=C(C=C3)C4=CC=CC=C4C5=NNN=N5,-6.847032213022571,0
352,CC1(C(C1C(=O)OCC2=CC(=CC=C2)OC3=CC=CC=C3)C=C(Cl)Cl)C,-6.77625300340762,0
300,C1CNCC(C1C2=CC=C(C=C2)F)COC3=CC4=C(C=C3)OCO4.Cl,-6.6377746858312605,0
262,C1C2CNCC1C3=CC4=NC=CN=C4C=C23.C(C(C(=O)O)O)(C(=O)O)O,-6.460272574714715,0
338,CC(=O)NC1=CC=C(C=C1)O,-6.40338304238044,0
367,CCC12CCC3C(C1CCC2(C#C)O)CCC4=CC(=O)CCC34,-6.38101748420844,0
383,CCC(=C)C(=O)C1=C(C(=C(C=C1)OCC(=O)O)Cl)Cl,-6.376959072314835,0
398,CN(C)CCC=C1C2=CC=CC=C2COC3=C1C=C(C=C3)CC(=O)O,-6.324233739365095,0
336,CC1=C(C(CCC1)(C)C)C=CC(=CC=CC(=CC(=O)O)C)C,-6.31255097085266,0
380,C1C2C3=CC=CC=C3CC4=CC=CC=C4N2C(=N1)N.Cl,-6.299721893216216,0
349,CC(CC1=CC=C(C=C1)OC)NCC(C2=CC(=C(C=C2)O)NC=O)O,-6.260946639766015,0
408,CC1=CC2C(CCC3(C2CCC3(C(=O)C)OC(=O)C)C)C4(C1=CC(=O)CC4)C,-6.258305030163175,0
53,CC1=C(C(=NO1)C2=CC=CC=C2)C(=O)NC3C4N(C3=O)C(C(S4)(C)C)C(=O)[O-].O.[Na+],-6.203437229546455,0
308,COC1=CC=CC=C1OCCNCC(COC2=CC=CC3=C2C4=CC=CC=C4N3)O,-6.19081237515902,0
292,CON=C1CN(CC1CN)C2=C(C=C3C(=O)C(=CN(C3=N2)C4CC4)C(=O)O)F,-6.1810320869502,0
246,C1=CC(=C(C(=C1)Cl)SC(CCC2=CC=C(C=C2)Cl)CN3C=CN=C3)Cl.[N+](=O)(O)[O-],-6.0318750854874255,0
355,C1=CC=C(C=C1)CC2NC3=C(C=C(C(=C3)C(F)(F)F)S(=O)(=O)N)S(=O)(=O)N2,-6.015872962666306,0
184,CC1=C(C=C(C=C1)NC(=O)C2=CC=C(C=C2)CN3CCN(CC3)C)NC4=NC=CC(=N4)C5=CN=CC=C5.CS(=O)(=O)O,-5.999322069324495,0
357,CCOC1=C(C=CC(=C1)CC(=O)NC(CC(C)C)C2=CC=CC=C2N3CCCCC3)C(=O)O,-5.88313381308661,0
162,C1CN=C(N1)NC2=C(C=CC=C2Cl)Cl.Cl,-5.87747607635018,0
387,C1=CC=C(C=C1)C2(C(=O)NC(=O)N2)C3=CC=CC=C3,-5.80482885806688,0
307,CC1=CC(=CC=C1)NC2=C(C=NC=C2)S(=O)(=O)NC(=O)NC(C)C,-5.79147088404504,0
14,CN(C)CCCN1C2=CC=CC=C2CCC3=C1C=C(C=C3)Cl.Cl,-5.73890603834476,0
342,CC1=CN=C(C(=C1OC)C)CS(=O)C2=NC3=C(N2)C=C(C=C3)OC,-5.648434155874154,0
424,CC(C)C=CCCCCC(=O)NCC1=CC(=C(C=C1)O)OC,-5.590879984963371,0
260,C1(=C(N=C(C(=N1)Cl)N)N)C(=O)N=C(N)N.O.O.Cl,-5.58597319175073,0
255,CN(C)CCOC(C1=CC=CC=C1)C2=CC=CC=C2.Cl,-5.5802188753695,0
216,CC1=C(C(C(=C(N1)C)C(=O)OCCN(C)CC2=CC=CC=C2)C3=CC(=CC=C3)[N+](=O)[O-])C(=O)OC.Cl,-5.523495372123745,0
341,CN1C2=C(C(=O)N(C1=O)C)NC(=N2)Cl.CN(C)CCOC(C1=CC=CC=C1)C2=CC=CC=C2,-5.51296030741433,0
384,CC1CC2C3CCC(C3(CC(C2C4(C1=CC(=O)C=C4)C)O)C)(C(=O)CO)O,-5.51056936423444,0
203,C1=NC2=C(N1)C(=S)N=CN2.O,-5.507493889045645,0
130,CC1(C(N2C(S1)C(C2=O)NC(=O)C(C3=CC=C(C=C3)O)N)C(=O)O)C,-5.5013165150554,0
72,CN1C(=C(C2=CC=CC=C2S1(=O)=O)O)C(=O)NC3=CC=CC=N3,-5.483608389298365,0
96,CC1C=CC=CC=CC=CC=CC=CC=CC(CC2C(C(CC(O2)(CC(CC(C(CCC(CC(CC(=O)OC(C(C1O)C)C)O)O)O)O)O)O)O)C(=O)O)OC3C(C(C(C(O3)C)O)N)O,-5.473866427193935,0
124,CCC1=CN=C(C=C1)CCOC2=CC=C(C=C2)CC3C(=O)NC(=O)S3.Cl,-5.374018442130771,0
167,CC(=O)OC1=CC2=C(S1)CCN(C2)C(C3=CC=CC=C3F)C(=O)C4CC4,-5.271073220271575,0
368,CC1CC2C3CCC4=CC(=O)C=CC4(C3(C(CC2(C1(C(=O)CO)O)C)O)F)C,-5.234814553405285,0
318,CCCCCCCCCCCCCCCC(=O)OC1C(C(C(OC1SC)C(C(C)Cl)NC(=O)C2CC(CN2C)CCC)O)O.Cl,-5.18637580487618,0
79,CC(C)N1CCN(CC1)C2=CC=C(C=C2)OCC3COC(O3)(CN4C=NC=N4)C5=C(C=C(C=C5)Cl)Cl,-5.103538307958285,0
339,C1=CC(=C2C(=C1NCCNCCO)C(=O)C3=C(C=CC(=C3C2=O)O)O)NCCNCCO.Cl.Cl,-5.071415374067151,0
343,CC(C12CC3CC(C1)CC(C3)C2)N.Cl,-5.051178214317356,0
402,C=CC1=C(N2C(C(C2=O)NC(=O)C(=NOCC(=O)O)C3=CSC(=N3)N)SC1)C(=O)O,-5.01420181556312,0
344,CCC(C(=O)N)N1CCCC1=O,-5.008252416748335,0
213,CNS(=O)(=O)CC1=CC2=C(C=C1)NC=C2CCN(C)C.C(CC(=O)O)C(=O)O,-5.006467450565054,0
323,C1C(C(=O)NO1)N,-4.9917269732928755,0
375,CC(C)C(C(=O)OCC(CO)OCN1C=NC2=C1N=C(NC2=O)N)N.Cl,-4.9669452084606105,0
386,CN1C(=C2C(=NC=N2)N(C1=O)C)[O-].C[N+](C)(C)CCO,-4.9233168528556,0
68,CC(=O)C1=CC(=C(C=C1)OCCCN2CCC(CC2)C3=NOC4=C3C=CC(=C4)F)OC,-4.901565599359994,0
324,CCC(C)C(=O)OC1CC(C=C2C1C(C(C=C2)C)CCC3CC(CC(=O)O3)O)C,-4.89889261079909,0
415,CCC1C(C(C(N(CC(CC(C(C(C(C(C(=O)O1)C)OC2CC(C(C(O2)C)O)(C)OC)C)OC3C(C(CC(O3)C)N(C)C)O)(C)O)C)C)C)O)(C)O,-4.87624912165773,0
304,CC(CCC1=CC=CC=C1)NCC(C2=CC(=C(C=C2)O)C(=O)N)O.Cl,-4.823737224551595,0
182,CC(CC1=CC=CC=C1)N(C)CC#C.Cl,-4.749141044434025,0
165,CC(=O)NC(CS)C(=O)O,-4.694385837883095,0
391,CC1C2C(C(=O)N2C(=C1SC3CC(NC3)C(=O)N(C)C)C(=O)O)C(C)O,-4.68959278771493,0
135,C1CCC(CC1)C(=O)N2CC3C4=CC=CC=C4CCN3C(=O)C2,-4.600404299176304,0
139,CCN1C=C(C(=O)C2=CC(=C(C=C21)N3CCNCC3)F)C(=O)O,-4.47216723940858,0
258,CC1=CC(=O)N(C(=C1)C2CCCCC2)O,-4.4699386137370105,0
374,CCP(CC)CC.CC(=O)OCC1C(C(C(C(O1)[S-])OC(=O)C)OC(=O)C)OC(=O)C.[Au+],-4.3865516413111,0
330,CCCCC(=O)N(CC1=CC=C(C=C1)C2=CC=CC=C2C3=NNN=N3)C(C(C)C)C(=O)O,-4.379050612577805,0
10,CN(C)C1C2CC3C(C4=C(C=CC(=C4C(=C3C(=O)C2(C(=C(C1=O)C(=O)N)O)O)O)O)Cl)O.Cl,-4.18180197337078,0
422,CC(C)(C1=CN=CC=C1)C(=O)C2=CN=CC=C2,-4.113204631547953,0
113,CNC(=O)C1=CN(N=C1)C2=NC(=C3C(=N2)N(C=N3)C4C(C(C(O4)CO)O)O)N,-4.096441649223085,0
278,C1CCNC(C1)C(C2=CC(=NC3=C2C=CC=C3C(F)(F)F)C(F)(F)F)O.Cl,-4.091691951586088,0
414,C1=CC(=CC=C1C(CC(=O)O)CN)Cl,-3.9921940053021454,0
401,C1C2N(C1=O)C(C(=CCO)O2)C(=O)[O-].[K+],-3.96612446381587,0
296,CCCCC1=NC(=C(N1CC2=CC=C(C=C2)C3=CC=CC=C3C4=NN=N[N-]4)CO)Cl.[K+],-3.8544025157254396,0
317,CN1CCC23CCCCC2C1CC4=C3C=C(C=C4)OC,-3.8256846026711613,0
276,CCCCCOC(=O)NC1=NC(=O)N(C=C1F)C2C(C(C(O2)C)O)O,-3.729926726893025,0
396,C1CN(CCN1CCC2=C(C=C3C(=C2)CC(=O)N3)Cl)C4=NSC5=CC=CC=C54,-3.706385417188195,0
325,C1=CC(=CC=C1CSC(CN2C=CN=C2)C3=C(C=C(C=C3)Cl)Cl)Cl.[N+](=O)(O)[O-],-3.682518479725965,0
363,CCCC1=NC(=C2N1N=C(NC2=O)C3=C(C=CC(=C3)S(=O)(=O)N4CCN(CC4)CC)OCC)C,-3.59881076260539,0
397,C1(C(C(C(C(C1Cl)Cl)Cl)Cl)Cl)Cl,-3.542809127388055,0
120,CC(C)N(CCC(C1=CC=CC=C1)(C2=CC=CC=N2)C(=O)N)C(C)C,-3.531417932076705,0
350,CC12CC(=O)C3C(C1CCC2(C(=O)CO)O)CCC4=CC(=O)C=CC34C,-3.50122475445547,0
351,CC1=C(C=CN=C1CS(=O)C2=NC3=CC=CC=C3[N-]2)OCCCOC.[Na+],-3.33953285845516,0
283,COC1=CC=C(C=C1)O,-3.30796074216151,0
404,CC(C)(C)NCC(C1=CC(=C(C=C1)O)CO)O.Cl,-3.26179444995509,0
319,CC1=CC=C(C=C1)S(=O)(=O)NC(=O)NN2CCCCCC2,-3.253005344585625,0
293,CC(=O)N1CCN(CC1)C2=CC=C(C=C2)OCC3COC(O3)(CN4C=CN=C4)C5=C(C=C(C=C5)Cl)Cl,-3.1146675953290908,0
310,COCCCCC(=NOCCN)C1=CC=C(C=C1)C(F)(F)F.C(=CC(=O)O)C(=O)O,-3.1081628986638283,0
353,CC(=O)[N-]S(=O)(=O)C1=CC=C(C=C1)N.[Na+],-3.096012833926035,0
369,CC1=CN(C(=O)NC1=O)C2CC(C(O2)CO)O,-3.08507538301746,0
328,CCOC(=O)C(CCC1=CC=CC=C1)NC(C)C(=O)N2C3CCCCC3CC2C(=O)O,-3.02573701445893,0
429,CCOC(=O)CC(C(=O)OCC)SP(=S)(OC)OC,-2.8475935812742836,0
286,CC(=O)NO,-2.7714553846923455,0
284,COC(=O)CCC(=O)CN.Cl,-2.6530948873199898,0
385,CC1=C(C(=CC=C1)C)OCC(C)N.Cl,-2.38679596632582,0
395,C[N+](C)(C)CCOC(=O)CCC(=O)OCC[N+](C)(C)C.O.O.[Cl-].[Cl-],-2.3757962597422253,0
116,C1=CC=C(C(=C1)CC(=O)[O-])NC2=C(C=CC=C2Cl)Cl.[Na+],-2.3705945006138553,0
394,CCCCN1CCCCC1C(=O)NC2=C(C=CC=C2C)C.Cl,-2.310835572442395,0
329,CC1(OC2CC3C4CC(C5=CC(=O)C=CC5(C4(C(CC3(C2(O1)C(=O)CO)C)O)F)C)F)C,-2.29478060820095,0
309,C1CC(N(C1)C(=O)C(CCCCN)NC(CCC2=CC=CC=C2)C(=O)O)C(=O)O.O.O,-2.203593719135265,0
400,C1C(C(C(C(C1N)OC2C(C(C(C(O2)CO)O)N)O)O)OC3C(CC(C(O3)CN)O)N)N,-2.1915425790112755,0
354,CNC1CCC(C2=CC=CC=C12)C3=CC(=C(C=C3)Cl)Cl.Cl,-2.10368577113563,0
390,CCS(=O)(=O)CCN1C(=NC=C1[N+](=O)[O-])C,-2.068402565019265,0
381,CN1CCN(CC1)C(=O)OC2C3=NC=CN=C3C(=O)N2C4=NC=C(C=C4)Cl,-2.05825440748579,0
115,C1CCN(CC1)C2=NC(=NC3=C2N=C(N=C3N4CCCCC4)N(CCO)CCO)N(CCO)CCO,-2.0383904821671734,0
388,CC12CCC3C(C1CCC2OP(=O)([O-])[O-])CCC4=C3C=CC(=C4)OC(=O)N(CCCl)CCCl.[Na+].[Na+],-1.9841535480560197,0
334,CC(=O)NC(COC)C(=O)NCC1=CC=CC=C1,-1.841685938776551,0
144,C(CS)N.Cl,-1.82687769873949,0
326,CC1=CC(=NO1)C(=O)NNCC2=CC=CC=C2,-1.8268306363474793,0
372,CC(=O)OC1C(SC2=CC=CC=C2N(C1=O)CCN(C)C)C3=CC=C(C=C3)OC.Cl,-1.6892466645657715,0
220,CCC12CC(=C)C3C(C1CCC2(C#C)O)CCC4=CC(=O)CCC34,-1.6838475947982001,0
237,CC12CCC3C(C1CCC2O)C(CC4=C3C=CC(=C4)O)CCCCCCCCCS(=O)CCCC(C(F)(F)F)(F)F,-1.67238995735085,0
91,C1C(OC(S1)CO)N2C=C(C(=NC2=O)N)F,-1.468310561769085,0
403,C[N+]1(CCCC1)CC2=C(N3C(C(C3=O)NC(=O)C(=NOC)C4=CSC(=N4)N)SC2)C(=O)O.O.Cl.[Cl-],-1.4326148642131997,0
70,C1=NC2=C(N=C(N=C2N1C3C(C(C(O3)CO)O)F)Cl)N,-1.2363543129081398,0
270,CCNC1CC(S(=O)(=O)C2=C1C=C(S2)S(=O)(=O)N)C.Cl,-1.2071268377753148,0
285,CCC(C)N1C(=O)N(C=N1)C2=CC=C(C=C2)N3CCN(CC3)C4=CC=C(C=C4)OCC5COC(O5)(CN6C=NC=N6)C7=C(C=C(C=C7)Cl)Cl,-1.1955633478205447,0
407,CCOC(=O)C(CCC1=CC=CC=C1)NC(C)C(=O)N2CC3=CC=CC=C3CC2C(=O)O.Cl,-1.17281165085484,0
298,C1CN(CCN1CCOCC(=O)O)C(C2=CC=CC=C2)C3=CC=C(C=C3)Cl.Cl.Cl,-1.1287975683833098,0
348,C(CCCC(=O)O)CCCC(=O)O,-1.0141947593039853,0
295,C1C2CC3CC(CC1N3CC2=O)OC(=O)C4=CNC5=CC=CC=C54,-0.5378304856400399,0
379,CN1C2CCC1CC(C2)OC(C3=CC=CC=C3)C4=CC=CC=C4.CS(=O)(=O)O,-0.4514238157954349,0
405,CC1=NC=CN1CC2CCC3=C(C2=O)C4=CC=CC=C4N3C,-0.3998669919074751,0
56,CN1C2=C(C=C(C=C2)Cl)C(=NC(C1=O)O)C3=CC=CC=C3,0.00012152994085501412,0
320,CN1CC2C(C1)C3=C(C=CC(=C3)Cl)OC4=CC=CC=C24.C(=CC(=O)O)C(=O)O,0.21871247737899502,0
399,CC12CCC(=O)C=C1CCC3C2C(CC4(C3CCC4(C(=O)CO)O)C)O,0.35574538135469547,0
371,CCCC(CCC)C(=O)O,0.38377545218453596,0
297,CCCC1CC(N(C1)C)C(=O)NC(C2C(C(C(C(O2)SC)O)O)O)C(C)O.Cl,1.2691149888760898,0
305,C1=CC(=CC=C1C(=O)NCC(=O)[O-])N.[Na+],1.4044634032024055,0
412,CN1CC(=O)N2C(C1=O)CC3=C(C2C4=CC5=C(C=C4)OCO5)NC6=CC=CC=C36,1.9559173856594951,0
50,C1C2CC3CC1CC(C2)(C3)N.Cl,2.479790613306526,0
364,CCC(=O)OC1(C(CC2C1(CC(C3(C2CC(C4=CC(=O)C=CC43C)F)F)O)C)C)C(=O)SCF,2.760213034233835,0
158,CCC(=O)OC1(C(CC2C1(CC(C3(C2CC(C4=CC(=O)C=CC43C)F)F)O)C)C)C(=O)CCl,2.7668885616571735,0
105,C1=CC=C2C(=C1)C(=NO2)CS(=O)(=O)N,3.0220734678211003,0
314,CC1=CC=C(C=C1)S(=O)(=O)O.CNC(=O)C1=NC=CC(=C1)OC2=CC=C(C=C2)NC(=O)NC3=CC(=C(C=C3)Cl)C(F)(F)F,3.706766805919215,0
428,C1=CN(C(=O)N=C1N)CC(CO)OCP(=O)(O)O,3.90304739775887,0
378,CN(C)C1=NC(=NC(=N1)N(C)C)N(C)C,4.15121226762354,0
335,CC1(OC2CC3C4CC(C5=CC(=O)C=CC5(C4C(CC3(C2(O1)C(=O)CO)C)O)C)F)C,5.03584593264926,0
62,CCC1(C2=C(COC1=O)C(=O)N3CC4=CC5=C(C=CC(=C5CN(C)C)O)N=C4C3=C2)O.Cl,5.252566321257255,0
322,C1CCN(CC1)C2=NC(=N)N(C(=C2)N)O,5.417783714350505,0
311,CC1=C(SC(=N1)C2=CC(=C(C=C2)OCC(C)C)C#N)C(=O)O,5.617290438037109,0
392,CCN(CC)CCOC(=O)C1(CCCCC1)C2CCCCC2.Cl,6.518037306838195,0
413,C1=NNC2=C1C(=O)NC=N2,8.04867392673762,0
340,CN1C(=O)CC(=O)N(C2=C1C=CC(=C2)Cl)C3=CC=CC=C3,8.20013363736286,0
421,C[N+](C)(C)CC(=O)[O-],9.22393235248497,0
332,C1C(=NC(=O)N1N=CC2=CC=C(O2)C3=CC=C(C=C3)[N+](=O)[O-])[O-].[Na+],11.7958700068052,0
423,C1C(OC(S1)CO)N2C=CC(=NC2=O)N,18.8625204674119,0
406,CC(=O)NCC1CN(C(=O)O1)C2=CC(=C(C=C2)N3CCOCC3)F,19.0830622398625,0
333,C1CC1C#CC2(C3=C(C=CC(=C3)Cl)NC(=O)O2)C(F)(F)F,19.65394776838145,0
382,CCCCCC(C=CC1C(CC(=O)C1CC=CCCCC(=O)O)O)O,43.85786645705515,1
